ID,Viability
4,-0.002371481
11,0.015388736
15,0.03227146
18,0.038874702
24,0.006508627
26,0.135162336
36,0.188511063
43,0.345639748
47,0.060752803
55,0.047754811
64,0.006508627
68,0.015388736
73,0.141637305
78,0.064005337
81,0.112554449
86,0.006508627
95,0.06058714
102,0.144134253
106,0.015388736
110,0.067184017