"ID","Viability"
4,-0.114100285917622
11,0.00443918669706587
15,0.00518854853513945
18,0.0547695070877277
24,-0.00973820605972674
26,0.18496000501241
36,0.330516832482733
43,0.512465791329719
47,0.0631121973705861
55,0.00822767753986094
64,-0.0268950802398028
68,-0.032982213962331
73,0.219673313593597
78,0.0685441906068445
81,0.141857976153055
86,-0.0745788345747293
95,0.104156630307186
102,0.0871407084995243
106,0.0294692675368547
110,0.0869808068037002
